PURCHASE_DATE,PURCHASE_HOUR,REGION_ID,TYPE_ID,APP_ID,PREMIUM_APP,BASIC_APP,CANCELED_PURCHASES,REVENUE
5/22/2019,35,31,33,1001,28,31,67,3188589.12
4/12/2019,58,55,87,1002,32,21,92,1161212.1
6/2/2019,50,99,42,1003,99,67,58,5321883.77
8/23/2019,69,5,15,1004,22,34,81,8993050
12/12/2019,96,65,87,1005,61,63,50,8911416
3/15/2019,54,1,68,1006,88,14,10,7918753.04
12/22/2019,73,38,22,1007,2,78,1,6029155.98
10/3/2019,72,97,28,1008,17,92,30,4349267.23
4/7/2019,61,58,8,1009,21,23,62,4920961.73
12/25/2019,10,86,49,1010,43,1,20,3132460.83
5/4/2019,78,42,75,1011,57,39,72,6834776.54
12/23/2019,35,89,92,1012,40,74,26,2606384.76
12/28/2019,49,71,10,1013,27,50,66,8668011
1/23/2020,68,94,13,1014,57,31,24,8278032
3/5/2020,89,4,18,1015,26,47,89,1059100.55
1/2/2020,81,41,40,1016,17,32,53,6576457.1
6/1/2019,9,19,51,1017,22,100,87,6189210.81
10/12/2019,98,23,76,1018,6,100,24,7256404.14
10/19/2019,26,54,1,1019,36,32,10,4069071.75
9/7/2019,23,27,58,1020,35,8,72,3631395
5/28/2019,78,54,39,1021,69,20,16,5319522
1/11/2020,80,5,39,1022,100,16,88,1361910
7/17/2019,73,36,61,1023,34,15,31,5410154
12/23/2019,90,83,5,1024,37,100,69,1276678.38
1/9/2020,43,40,74,1025,28,20,16,6420959
9/4/2019,83,22,17,1026,80,58,46,9140452
6/18/2019,1,8,58,1027,1,20,87,6759414
11/26/2019,48,100,84,1028,47,68,49,860690.02
5/30/2019,2,31,92,1029,84,51,11,3170798.24
8/4/2019,3,28,67,1030,57,18,47,4857201.56
5/20/2019,9,45,31,1031,84,11,63,2687215.43
6/20/2019,65,1,60,1032,90,13,50,4805077
2/3/2020,40,83,34,1033,56,34,71,1933543.72
5/4/2019,34,18,54,1034,98,65,67,3688190.84
10/17/2019,98,94,59,1035,38,66,51,1989818.34
6/10/2019,23,42,46,1036,94,95,90,6967445
7/11/2019,83,69,75,1037,34,30,75,7236298
11/17/2019,40,69,68,1038,62,15,18,5236677
11/2/2019,96,98,58,1039,9,64,89,9071033
7/23/2019,41,55,11,1040,96,86,59,5618500
12/29/2019,54,3,49,1041,65,93,32,2210603.44
5/30/2019,80,72,35,1042,32,40,84,8801116
3/6/2020,45,46,14,1043,39,79,22,7989859.82
6/20/2019,10,18,72,1044,10,79,49,796177.14
12/2/2019,15,38,69,1045,55,32,4,7348809
7/17/2019,84,88,30,1046,59,19,48,9459796
2/21/2020,62,60,16,1047,53,29,32,8676130
3/16/2019,70,31,92,1048,91,18,98,2143384.31
8/19/2019,99,3,22,1049,8,31,34,1740051
10/2/2019,53,92,58,1050,22,47,44,2089190.23
4/28/2019,81,85,84,1051,70,37,54,4007416.36
10/1/2019,85,48,89,1052,27,43,87,1903193.49
4/24/2019,65,31,36,1053,75,5,99,1351794
7/18/2019,88,81,18,1054,26,100,88,5086342.02
9/14/2019,30,90,10,1055,99,90,23,8197058
11/16/2019,91,5,60,1056,15,42,92,336908.83
12/6/2019,41,94,57,1057,48,23,96,4599564
10/20/2019,55,23,25,1058,49,78,43,4294476.81
1/12/2020,20,33,48,1059,56,74,71,6699658
6/20/2019,11,29,13,1060,55,54,55,1947873.49
8/20/2019,12,44,79,1061,29,7,90,5212752
11/16/2019,10,15,25,1062,7,2,93,2853019
3/8/2020,86,4,46,1063,22,33,4,4388152.19
2/6/2020,80,8,50,1064,49,68,64,9317951
1/11/2020,9,88,87,1065,8,54,97,9315431
3/31/2019,80,32,32,1066,53,1,3,2437896.75
4/16/2019,44,34,82,1067,24,16,21,8773196
11/28/2019,25,64,47,1068,60,88,6,1657663.89
5/19/2019,21,80,38,1069,99,20,68,4817548
10/2/2019,11,75,6,1070,43,73,75,3588960.67
11/17/2019,58,72,40,1071,42,86,88,19105.9
1/25/2020,33,5,98,1072,4,50,84,4248998.34
10/29/2019,2,59,82,1073,9,65,56,697222.41
8/5/2019,64,14,35,1074,34,64,100,2394155
2/27/2020,56,2,48,1075,26,23,73,2658366.02
10/29/2019,15,60,53,1076,100,58,53,7318148
2/5/2020,37,73,38,1077,25,2,74,7016578.14
9/11/2019,92,37,93,1078,71,53,77,5942824.42
3/4/2020,6,1,62,1079,57,20,32,4992482
1/25/2020,94,27,22,1080,79,16,55,7744186
10/10/2019,33,98,8,1081,33,70,87,9110619
5/4/2019,68,19,59,1082,55,31,83,5978688.14
11/17/2019,72,26,71,1083,10,74,57,4886769
1/2/2020,24,31,67,1084,56,50,8,2872941.9
4/13/2019,45,73,45,1085,75,58,94,6976711
6/20/2019,32,45,95,1086,39,37,48,7571263.89
5/23/2019,90,13,67,1087,58,46,28,4060149.33
10/7/2019,12,37,23,1088,5,52,91,2672211
11/19/2019,20,74,62,1089,64,62,10,3099407
3/14/2019,100,11,79,1090,96,8,62,5903629
9/18/2019,30,46,30,1091,63,20,72,3111254.89
4/12/2019,47,74,26,1092,81,17,57,9961421
3/2/2020,10,6,70,1093,77,73,49,6531183.81
12/30/2019,53,62,85,1094,91,9,38,3379734.71
4/5/2019,97,65,67,1095,50,61,83,2765522
10/13/2019,63,57,74,1096,45,94,71,4775228
5/26/2019,34,73,48,1097,66,19,13,2755571.99
12/18/2019,70,80,92,1098,60,88,85,206759
3/9/2019,74,91,82,1099,3,86,93,6189050
4/19/2019,42,71,41,1100,79,6,1,9613913
10/22/2019,37,7,60,1101,79,36,13,449372.77
6/20/2019,77,35,49,1102,2,88,13,1781457.11
2/27/2020,13,65,35,1103,35,15,80,9730164
12/22/2019,70,15,64,1104,41,8,66,7035360
2/8/2020,12,70,47,1105,31,45,99,2906740.86
11/4/2019,86,24,27,1106,44,88,61,1884234
11/1/2019,60,44,98,1107,9,10,43,6170518
9/5/2019,62,24,49,1108,65,82,92,9157604
10/30/2019,87,34,35,1109,25,70,51,1956338.3
2/18/2020,41,6,49,1110,32,79,53,6339289
8/12/2019,23,16,81,1111,39,13,57,4228163.87
6/3/2019,44,14,10,1112,69,97,49,8262066
5/31/2019,44,51,55,1113,44,78,5,1437097.06
3/13/2019,48,31,10,1114,28,9,40,599143.35
11/9/2019,33,57,37,1115,4,79,46,9403811
6/4/2019,37,91,34,1116,52,36,46,8135500.69
9/21/2019,76,43,94,1117,14,24,22,3073625
3/11/2019,90,39,94,1118,7,70,98,2155590
4/29/2019,70,9,45,1119,29,76,54,2489106.53
2/29/2020,19,79,62,1120,17,12,72,8259906.16
2/26/2020,60,4,98,1121,54,15,55,8252311
8/6/2019,5,13,9,1122,11,95,58,6994429
5/1/2019,49,74,71,1123,45,26,51,6542779
3/23/2019,46,98,45,1124,4,69,9,6842517.67
8/29/2019,21,79,35,1125,33,76,47,6999284
4/25/2019,73,12,13,1126,93,39,30,1952469.59
12/22/2019,95,62,32,1127,17,59,83,6458052
1/25/2020,73,31,94,1128,84,85,31,9371694
7/18/2019,7,29,1,1129,17,33,64,1767087.42
5/11/2019,75,48,82,1130,20,84,64,2976109.89
9/4/2019,51,46,12,1131,96,37,21,7683520
3/28/2019,23,77,83,1132,99,26,18,9545040
8/31/2019,88,77,85,1133,23,50,52,3440974.91
10/16/2019,33,75,76,1134,72,93,37,9073129
1/30/2020,3,1,44,1135,72,13,28,5975716.38
8/26/2019,73,77,80,1136,56,98,98,6600557.67
1/3/2020,48,75,55,1137,10,23,57,4228129.11
5/1/2019,70,94,54,1138,4,59,98,3353795.5
8/8/2019,39,54,44,1139,31,85,68,5553489
10/14/2019,79,76,18,1140,33,89,38,326446.28
5/17/2019,96,65,52,1141,52,96,22,5387659.09
1/16/2020,60,96,17,1142,41,91,9,6854777.49
1/19/2020,27,62,37,1143,43,37,29,6672712
1/30/2020,39,17,74,1144,74,12,2,1838077.67
2/9/2020,30,20,55,1145,36,15,39,7719865.68
9/7/2019,18,64,51,1146,94,11,47,9515702
5/1/2019,61,94,97,1147,2,14,25,5433935.83
12/13/2019,44,43,71,1148,98,13,47,8969970
12/28/2019,80,41,35,1149,25,78,78,7631144
11/23/2019,32,51,15,1150,82,5,62,3938962
6/13/2019,12,82,41,1151,49,89,39,5818783
5/24/2019,24,2,36,1152,56,29,97,9667458
4/29/2019,52,36,38,1153,3,71,3,7088135.61
10/14/2019,97,62,4,1154,23,100,15,2877898
2/10/2020,66,22,53,1155,49,62,72,5626968
10/5/2019,54,41,3,1156,74,54,11,6183176.6
8/23/2019,18,87,21,1157,6,23,57,8046367.61
11/9/2019,98,3,40,1158,34,57,6,4362603
9/14/2019,69,32,22,1159,38,8,50,2069446.99
1/29/2020,66,77,98,1160,37,50,73,4105474.26
3/2/2020,18,17,49,1161,43,35,86,6018642.1
5/20/2019,48,6,41,1162,22,78,91,3851043.98
10/13/2019,24,10,66,1163,36,32,71,237981.96
6/15/2019,59,37,73,1164,20,95,24,8524307
11/4/2019,99,45,27,1165,9,53,34,5756889
10/13/2019,62,95,82,1166,100,34,58,711079.53
9/29/2019,100,15,56,1167,54,46,45,7714003.14
11/23/2019,4,9,73,1168,6,62,94,3587362
3/13/2019,21,19,29,1169,66,57,99,2144094.15
1/30/2020,25,2,66,1170,81,92,50,2995853.1
1/21/2020,87,2,93,1171,23,45,13,5944322.01
7/8/2019,39,93,3,1172,88,29,47,9680058
8/7/2019,38,86,23,1173,79,89,9,3024312.85
6/22/2019,88,59,100,1174,45,58,90,1896907.61
3/12/2019,13,57,17,1175,39,14,91,9012482
9/6/2019,76,17,96,1176,3,94,2,416829.28
8/5/2019,51,39,8,1177,78,42,18,2294009
5/19/2019,96,10,52,1178,51,74,89,687188.24
10/17/2019,23,24,90,1179,13,63,5,5146726
9/25/2019,45,77,69,1180,67,5,28,996651.92
4/9/2019,63,55,78,1181,11,40,26,5510115
10/9/2019,48,61,10,1182,40,98,39,7328489.38
2/21/2020,46,81,24,1183,62,18,7,5993251.9
7/20/2019,49,32,65,1184,56,33,68,4257315
3/10/2019,70,7,46,1185,42,6,11,8729597
4/26/2019,88,16,22,1186,26,73,14,1744543.28
5/4/2019,56,33,62,1187,47,29,54,7439663.84
2/22/2020,44,23,32,1188,17,59,25,8610698
12/22/2019,29,43,49,1189,29,3,23,4448287
10/9/2019,73,39,52,1190,93,7,45,9958503
11/18/2019,70,65,4,1191,15,26,6,6539623
10/13/2019,3,11,81,1192,25,24,28,6273551
3/22/2019,54,90,70,1193,13,4,51,9110507
12/24/2019,78,5,98,1194,17,84,9,6716034.52
11/24/2019,70,5,63,1195,59,19,11,93917.35
2/15/2020,25,12,82,1196,47,3,67,1955839
8/3/2019,91,32,94,1197,55,44,9,6055967.56
11/1/2019,69,28,21,1198,4,61,56,2075534.95
7/6/2019,67,78,34,1199,98,62,74,3109836.84
9/23/2019,71,7,39,1200,79,74,93,6543799.17
1/28/2020,23,51,34,1201,77,51,69,3985708.1
7/24/2019,56,23,19,1202,77,61,60,6940815
9/17/2019,36,81,34,1203,57,97,37,4126196.38
11/6/2019,93,82,24,1204,6,69,7,3875892.32
5/16/2019,40,4,92,1205,69,9,50,7501396.23
9/7/2019,94,78,9,1206,8,52,92,1275387
8/28/2019,96,14,95,1207,86,66,43,5287819
11/10/2019,85,59,97,1208,31,94,34,8841540
8/29/2019,30,50,74,1209,37,49,34,3530080
5/31/2019,44,55,72,1210,39,12,97,2469786.47
7/1/2019,10,40,48,1211,62,11,36,6735460
7/29/2019,93,60,79,1212,31,1,34,3855161
7/12/2019,23,61,53,1213,17,81,75,257452.19
2/28/2020,65,56,5,1214,93,44,10,8649649
2/8/2020,28,90,12,1215,99,4,91,9628064
11/9/2019,52,38,66,1216,63,44,20,9550972
2/22/2020,7,59,75,1217,20,15,3,2337988.56
12/16/2019,1,26,36,1218,24,8,94,8867457
9/13/2019,1,32,76,1219,14,67,42,2827793.7
3/1/2020,59,52,81,1220,85,33,12,4358155.1
11/16/2019,47,86,86,1221,1,71,48,5069978.66
3/4/2020,68,26,38,1222,74,65,39,7518873
3/30/2019,57,36,93,1223,28,91,85,6574787
6/21/2019,36,88,97,1224,9,28,25,4967914
10/28/2019,17,48,86,1225,65,82,52,1216775.12
4/23/2019,47,59,30,1226,84,10,14,7800682.26
10/8/2019,73,31,97,1227,74,15,46,7218221
2/27/2020,93,59,27,1228,62,34,31,7653320.83
10/26/2019,77,58,11,1229,87,76,87,851152.18
12/23/2019,59,28,39,1230,33,81,53,9974539
9/6/2019,48,90,35,1231,41,46,65,2988381.54
8/7/2019,27,38,51,1232,94,59,16,3290701
4/28/2019,5,12,59,1233,11,70,6,8335884.97
6/22/2019,92,32,36,1234,85,10,72,8904356
3/30/2019,69,45,17,1235,58,95,14,3469277.14
7/27/2019,23,61,82,1236,65,87,57,8065041
8/17/2019,52,30,14,1237,28,49,83,6404182.41
9/13/2019,45,38,82,1238,9,19,51,8517993
5/16/2019,25,2,93,1239,27,89,64,3697404.57
8/11/2019,71,27,2,1240,70,19,26,7999860.28
3/20/2019,30,24,88,1241,35,83,14,2255915.31
1/13/2020,11,73,59,1242,47,98,79,7480092
3/26/2019,82,39,92,1243,93,17,84,6471674
5/7/2019,47,83,2,1244,100,74,39,7534183.47
12/10/2019,32,52,53,1245,33,65,60,5091248.68
7/8/2019,12,94,29,1246,27,83,43,9324669
6/26/2019,34,80,47,1247,48,90,7,8391422
3/30/2019,50,39,20,1248,53,58,5,1573078.31
4/26/2019,94,87,1,1249,70,77,83,1627998.16
1/25/2020,7,22,10,1250,77,81,15,9827406
7/8/2019,79,88,54,1251,90,48,27,5485955
12/7/2019,49,81,83,1252,12,84,41,2844133.37
11/10/2019,47,13,5,1253,37,20,42,4081479.7
7/28/2019,9,95,1,1254,100,1,66,5195815
2/13/2020,80,22,83,1255,88,74,84,7141636
9/28/2019,30,10,59,1256,18,40,74,6441840
12/6/2019,68,33,7,1257,62,31,63,9840121
3/27/2019,32,95,9,1258,76,25,14,1790906.69
4/1/2019,43,94,4,1259,43,4,16,1230466.53
2/18/2020,84,47,91,1260,29,92,34,9643984
11/17/2019,72,98,1,1261,33,21,27,7122884.14
1/20/2020,19,87,26,1262,57,26,7,7148388
10/10/2019,78,77,70,1263,60,67,41,7221089.61
3/18/2019,5,27,100,1264,90,69,70,5112911.92
8/24/2019,58,25,43,1265,64,72,48,399546.92
1/29/2020,1,13,90,1266,8,95,23,7070749.96
12/15/2019,37,41,15,1267,14,12,43,3501305
6/4/2019,94,35,43,1268,97,89,40,6730082
5/23/2019,29,96,90,1269,95,95,75,6743454.9
9/13/2019,12,61,20,1270,67,21,96,9045171
7/8/2019,28,18,90,1271,9,5,49,7919162
5/12/2019,45,12,50,1272,61,54,76,9620741
1/22/2020,39,58,46,1273,23,86,95,6358951
4/20/2019,54,39,65,1274,35,91,51,4809033
9/15/2019,43,55,6,1275,41,15,8,3965610
5/14/2019,49,32,86,1276,17,37,71,2736545.58
6/27/2019,43,59,84,1277,49,33,57,2974457
5/2/2019,68,8,58,1278,25,35,41,7981029
5/14/2019,30,70,63,1279,79,18,21,371653.98
10/29/2019,30,19,74,1280,32,78,79,640058.28
1/3/2020,20,41,93,1281,78,34,67,6722313.95
11/11/2019,31,46,56,1282,79,15,60,7155712
9/28/2019,1,86,86,1283,37,25,55,5056119.41
9/13/2019,30,76,65,1284,76,23,73,3491330.02
7/8/2019,56,51,86,1285,27,89,94,8554364
12/26/2019,27,76,92,1286,37,98,42,1608293.19
2/3/2020,5,64,28,1287,86,94,83,5902953.8
7/11/2019,72,49,28,1288,92,71,25,3388907.93
1/6/2020,61,89,50,1289,76,80,20,337650.41
1/30/2020,69,12,77,1290,22,96,35,4974481
5/13/2019,27,56,51,1291,46,79,99,2362229.16
6/12/2019,60,90,4,1292,44,16,21,9868958
12/30/2019,7,9,86,1293,91,96,55,1955720.74
4/6/2019,14,81,56,1294,47,14,91,3806387
1/21/2020,13,23,44,1295,56,64,92,659425.25
10/23/2019,4,84,5,1296,27,9,48,8218551.68
2/14/2020,60,89,87,1297,17,19,43,5194748.39
6/23/2019,25,83,71,1298,21,90,51,919029.05
10/17/2019,92,64,37,1299,21,92,84,6384555
9/23/2019,58,41,35,1300,88,38,35,3882358
8/3/2019,80,30,8,1301,44,61,1,7873023.03
4/4/2019,71,50,53,1302,43,55,80,8464471
9/1/2019,70,75,97,1303,76,21,66,3386984.37
5/6/2019,71,77,33,1304,86,9,62,5506495.8
5/4/2019,95,86,63,1305,50,57,62,1340096.87
10/31/2019,54,39,15,1306,94,75,92,9662678
2/20/2020,66,39,99,1307,94,51,72,8409325
1/26/2020,68,28,69,1308,26,72,46,3961391.64
9/16/2019,36,22,45,1309,7,7,74,6053235
8/21/2019,22,47,38,1310,7,74,8,8933517
4/9/2019,92,99,59,1311,16,61,67,7379062
1/11/2020,35,8,81,1312,35,92,23,8656250
3/21/2019,23,7,10,1313,24,100,92,2338120.94
9/2/2019,61,90,62,1314,89,58,7,7836319
12/18/2019,42,97,63,1315,56,88,44,6674524
3/18/2019,53,41,31,1316,66,99,27,7517495
2/18/2020,87,52,73,1317,45,77,69,7302293
6/19/2019,8,80,41,1318,39,90,6,6347544
1/28/2020,31,87,63,1319,73,85,90,5124242.96
2/3/2020,88,62,79,1320,98,44,98,3436499.24
11/11/2019,28,33,22,1321,23,58,11,1362804.99
6/13/2019,23,74,46,1322,35,28,1,2990382.09
3/21/2019,38,63,85,1323,25,36,61,3362849.39
4/6/2019,56,6,66,1324,42,80,33,6566389.59
6/24/2019,91,63,29,1325,56,8,42,8057086.4
4/18/2019,77,90,31,1326,69,43,98,3446257
11/25/2019,2,91,40,1327,99,31,22,1273073
3/17/2019,8,94,23,1328,87,58,69,3287770.38
7/23/2019,1,49,17,1329,22,37,17,346308.07
1/9/2020,21,74,39,1330,37,6,4,1361498
11/2/2019,49,42,24,1331,23,34,17,3741571.36
3/22/2019,60,87,21,1332,8,62,88,4890870
8/9/2019,12,8,57,1333,8,99,37,909384.3
4/27/2019,45,87,46,1334,82,27,62,7709006.79
2/22/2020,99,25,28,1335,3,46,97,1764423.59
12/22/2019,60,95,29,1336,98,23,41,8026634.61
9/4/2019,61,6,35,1337,42,48,54,1200145.76
2/20/2020,41,7,72,1338,12,88,33,2316265
2/6/2020,61,36,12,1339,82,33,33,7825871.77
10/20/2019,28,24,28,1340,13,89,9,813210.59
7/8/2019,84,12,62,1341,44,68,5,3423767
6/23/2019,45,29,99,1342,67,60,11,3721902.08
1/3/2020,96,38,30,1343,54,51,41,4384045.06
12/5/2019,17,29,17,1344,38,47,27,619546.1
4/22/2019,80,67,99,1345,54,5,61,2971420.54
3/1/2020,42,3,42,1346,49,34,10,6133520.74
10/23/2019,99,48,95,1347,82,31,42,206392.77
5/17/2019,97,39,24,1348,59,40,94,811910.47
3/31/2019,44,37,81,1349,2,63,34,9182476
5/24/2019,69,73,59,1350,18,92,16,4842312
7/16/2019,54,39,74,1351,40,60,81,4103908.39
6/26/2019,80,63,71,1352,38,44,54,6518935
12/21/2019,49,49,96,1353,49,73,84,8203358
10/29/2019,16,51,48,1354,16,8,89,8318226.49
6/25/2019,82,35,36,1355,31,5,73,2638953.73
9/10/2019,7,10,38,1356,85,77,60,6546179.38
9/23/2019,70,41,67,1357,40,69,28,1511858.72
7/17/2019,20,69,17,1358,99,81,6,1417394.93
12/29/2019,20,26,50,1359,32,6,31,6687513
12/23/2019,12,75,42,1360,88,21,40,8623830
7/26/2019,30,55,89,1361,81,100,3,6108768.19
4/13/2019,88,41,43,1362,84,94,92,8295802
9/7/2019,57,15,3,1363,43,2,14,7891461.65
6/27/2019,86,6,36,1364,92,69,28,1976760.22
1/11/2020,9,23,44,1365,35,61,31,6208169.04
8/16/2019,94,100,29,1366,83,11,27,2643839.58
12/9/2019,10,91,48,1367,18,47,51,8223657
7/20/2019,3,45,77,1368,14,5,7,7571662
7/12/2019,90,44,96,1369,98,28,50,8645320
10/21/2019,82,80,91,1370,94,71,50,8490203
11/8/2019,33,29,62,1371,91,30,6,4050790.99
5/11/2019,9,6,88,1372,6,23,85,7149956.27
10/19/2019,2,44,84,1373,61,94,25,4279964.89
11/29/2019,13,38,22,1374,45,88,78,8171968
7/27/2019,6,41,24,1375,94,93,37,311605.65
10/29/2019,51,64,14,1376,81,91,23,2490776
10/5/2019,15,83,13,1377,3,8,98,2088963.63
4/30/2019,99,33,23,1378,78,85,93,4959842
8/9/2019,57,39,94,1379,65,79,12,4671882.86
9/17/2019,55,13,66,1380,85,56,28,3235643
8/2/2019,32,26,31,1381,31,70,25,2864597.37
3/11/2019,16,71,60,1382,81,92,30,8045441.35
5/7/2019,43,29,71,1383,10,79,32,9047333
9/6/2019,89,60,73,1384,100,74,77,2170711.02
12/17/2019,86,84,41,1385,60,76,48,8215882.18
8/28/2019,83,17,43,1386,52,46,54,5731415.83
12/13/2019,71,7,30,1387,35,61,57,380671.37
4/29/2019,69,68,89,1388,61,14,42,7210518
7/30/2019,87,25,54,1389,57,54,16,3697895
11/29/2019,99,96,79,1390,59,8,51,2718103.62
12/11/2019,44,75,96,1391,73,99,8,8209376.87
1/12/2020,15,18,65,1392,69,97,4,1517518.7
3/31/2019,33,40,24,1393,13,89,70,8013290.82
11/6/2019,17,96,61,1394,32,94,54,2887164
8/27/2019,76,39,80,1395,8,38,20,1787199.3
9/12/2019,28,17,20,1396,22,97,82,8230593
2/5/2020,62,28,84,1397,66,2,32,1960210.04
9/27/2019,62,31,77,1398,81,94,45,1970020.66
9/2/2019,71,84,46,1399,84,58,11,2709724.63
2/12/2020,63,43,9,1400,50,43,85,3254507.78
3/19/2019,51,24,40,1401,72,18,7,4509860
7/5/2019,24,64,28,1402,75,3,34,83827.24
7/14/2019,60,21,18,1403,69,10,55,5214514
2/19/2020,90,89,13,1404,8,86,11,56743.46
10/28/2019,51,74,15,1405,48,36,15,4379560
5/10/2019,22,70,75,1406,3,38,15,8820186
8/30/2019,94,21,32,1407,87,97,71,4288257
12/12/2019,34,33,48,1408,95,53,5,9744092
3/24/2019,98,73,31,1409,37,82,67,4805206
5/12/2019,42,5,99,1410,20,90,44,6428860
4/13/2019,46,66,84,1411,20,8,79,7792341
7/10/2019,53,52,26,1412,33,98,28,1549024.52
2/22/2020,45,88,87,1413,3,77,33,689306.46
10/20/2019,14,26,86,1414,99,20,20,514460.43
11/21/2019,27,76,10,1415,23,21,62,4293828
8/22/2019,29,62,21,1416,36,19,28,119188.24
11/9/2019,72,52,51,1417,69,28,75,8853168
8/27/2019,39,86,20,1418,3,25,62,6873999
12/3/2019,63,18,47,1419,44,71,85,456214.39
3/16/2019,25,79,92,1420,24,51,44,7717651
8/17/2019,94,86,37,1421,41,49,48,8670911
7/8/2019,51,88,99,1422,36,56,25,479555.29
11/16/2019,23,51,67,1423,56,56,52,7516855
6/9/2019,15,57,30,1424,3,54,59,4853744.7
1/4/2020,37,66,20,1425,37,48,4,9751326
6/17/2019,80,28,46,1426,47,69,88,3920858.27
10/4/2019,52,10,73,1427,79,24,75,6834044.65
5/15/2019,74,62,91,1428,6,54,79,3428619.4
2/19/2020,43,69,30,1429,85,99,97,4859127.2
5/23/2019,1,48,68,1430,53,60,40,1210055.63
4/23/2019,17,75,17,1431,33,93,64,8509485
9/11/2019,63,93,96,1432,98,84,47,3776502.26
4/18/2019,57,41,8,1433,47,27,100,4288545.67
8/26/2019,95,19,38,1434,16,22,16,1307116
3/26/2019,80,79,35,1435,94,5,20,753414.13
2/20/2020,26,18,65,1436,11,18,74,8797959
10/23/2019,2,43,92,1437,69,67,2,5821241.34
10/8/2019,6,95,87,1438,46,41,87,4586028
7/15/2019,65,32,96,1439,100,70,6,8662308
9/11/2019,57,71,38,1440,94,60,71,2270391.83
12/2/2019,85,68,86,1441,16,98,53,5945759
7/17/2019,28,36,71,1442,38,42,83,7501808.68
1/12/2020,46,5,90,1443,16,12,41,4044697.78
1/11/2020,3,45,99,1444,67,16,73,7064587.98
4/18/2019,75,52,46,1445,51,64,40,4514187
4/8/2019,65,78,54,1446,13,27,92,642635.52
5/7/2019,29,72,12,1447,81,8,93,2152395.62
12/17/2019,17,70,35,1448,47,34,95,6378454.28
11/21/2019,87,47,40,1449,24,31,50,9046187
4/14/2019,53,58,40,1450,64,35,54,7583843
9/7/2019,29,37,28,1451,62,78,44,3010762.7
11/28/2019,34,51,28,1452,9,49,47,3001497.24
12/13/2019,71,26,61,1453,3,49,43,4741214.07
8/4/2019,74,28,65,1454,78,57,35,488103.01
11/30/2019,5,21,84,1455,75,77,91,7887194.44
8/22/2019,7,13,10,1456,79,31,83,4952823.47
8/8/2019,87,35,90,1457,19,30,43,5130598.8
9/16/2019,72,78,1,1458,18,27,22,1961488.02
6/2/2019,25,86,49,1459,55,97,41,993237.91
9/30/2019,95,53,21,1460,19,26,86,1614762.19
11/24/2019,25,23,73,1461,45,13,69,9438986
10/15/2019,94,5,55,1462,1,15,9,5392149.15
5/28/2019,37,55,85,1463,96,99,26,2264247.98
10/27/2019,4,11,53,1464,45,1,5,611923.69
1/12/2020,86,34,44,1465,55,22,88,6382934
1/28/2020,90,73,63,1466,87,92,41,7502323
4/16/2019,42,57,44,1467,60,92,45,7612504.6
12/25/2019,61,49,89,1468,93,8,75,1630182.85
1/28/2020,35,45,68,1469,69,15,13,1743635.97
7/8/2019,57,50,7,1470,55,82,59,6083382.76
11/6/2019,43,4,58,1471,41,42,28,9624888
2/10/2020,26,15,96,1472,34,26,14,9192120
5/30/2019,33,22,9,1473,21,6,48,9197519
6/18/2019,40,56,25,1474,40,100,9,5176229
9/17/2019,51,45,69,1475,14,52,26,7282839
9/7/2019,71,99,93,1476,16,89,12,2123123
3/13/2019,25,32,33,1477,94,4,61,9796668
2/3/2020,33,54,6,1478,97,56,44,7114511.21
1/10/2020,33,14,94,1479,64,58,21,7907806
8/24/2019,41,60,87,1480,47,51,8,1812386.69
2/14/2020,71,36,67,1481,89,18,72,4637183
11/20/2019,85,20,20,1482,67,84,41,2262647
8/2/2019,9,51,34,1483,69,39,72,3597529.29
12/22/2019,99,5,90,1484,24,9,64,8070154
6/4/2019,69,77,21,1485,27,95,28,8689523
7/19/2019,43,77,75,1486,15,29,22,4702950.71
2/22/2020,15,30,65,1487,9,3,12,4089564.43
7/13/2019,55,85,32,1488,74,57,54,5089551
12/24/2019,44,29,91,1489,28,3,64,8195836.83
2/3/2020,77,65,88,1490,54,49,33,6720057.04
6/15/2019,45,45,71,1491,60,49,59,4138377.35
5/26/2019,42,37,56,1492,59,78,99,650612.78
3/10/2019,52,83,91,1493,17,80,17,7900621
6/19/2019,61,37,46,1494,74,66,96,4601613
8/4/2019,33,36,57,1495,91,54,9,1094893.85
2/5/2020,43,5,92,1496,23,45,11,2891163.49
11/14/2019,62,47,94,1497,70,94,58,9110128
7/8/2019,15,95,75,1498,26,5,35,6603714
7/26/2019,63,70,99,1499,1,25,94,2140302
3/8/2020,60,81,18,1500,52,56,97,7667776
2/28/2020,40,90,63,1501,9,24,16,4032965
5/4/2019,24,52,56,1502,46,94,15,5654123.44
5/1/2019,92,85,86,1503,86,73,45,7063749.37
4/12/2019,13,19,86,1504,64,39,87,4248806
5/26/2019,87,48,13,1505,76,46,25,1440609.19
4/12/2019,16,63,87,1506,21,3,78,3250452
7/29/2019,17,41,39,1507,66,76,84,3584121.71
3/26/2019,24,96,10,1508,26,90,59,3972453.56
4/22/2019,33,13,97,1509,31,76,51,2221864.7
3/22/2019,28,59,83,1510,97,32,41,103640.2
7/3/2019,99,63,33,1511,23,52,66,5375580
9/13/2019,67,5,52,1512,95,91,53,147351.72
1/12/2020,99,60,7,1513,67,25,37,586151.94
10/27/2019,99,90,100,1514,78,66,68,5415883
1/1/2020,29,44,93,1515,10,64,90,3886628.08
9/4/2019,88,50,95,1516,58,35,67,4930202
2/14/2020,49,54,93,1517,52,33,57,5172407.26
3/9/2019,25,94,13,1518,76,56,84,9320581
12/9/2019,13,11,5,1519,80,13,6,7103121.69
8/13/2019,57,22,52,1520,38,69,67,9866278
4/4/2019,5,68,71,1521,83,90,17,5122819
5/8/2019,47,79,63,1522,80,24,64,7712321
3/24/2019,20,85,8,1523,93,61,62,5235302
12/28/2019,70,74,46,1524,20,52,47,9986027
7/22/2019,74,56,50,1525,59,1,23,2684065
3/15/2019,47,12,33,1526,28,46,14,9305651
4/17/2019,34,49,84,1527,13,9,64,9496417
2/10/2020,6,20,23,1528,62,75,8,3860069.35
11/8/2019,7,53,18,1529,93,15,78,5732174
2/13/2020,15,55,83,1530,4,35,58,9422188
9/18/2019,35,47,63,1531,93,2,16,3664261
5/17/2019,41,99,95,1532,74,80,72,7884718.88
11/20/2019,77,43,94,1533,19,7,72,8759998
1/8/2020,5,22,90,1534,83,85,84,54894.81
3/10/2019,64,4,16,1535,82,48,2,470532.57
7/12/2019,65,74,8,1536,2,97,37,5001404
5/3/2019,25,34,26,1537,58,26,100,4582601.59
7/15/2019,13,94,59,1538,49,54,46,8599447
7/21/2019,14,28,12,1539,64,36,2,8642915
12/25/2019,95,8,23,1540,2,86,85,9362525
12/21/2019,99,27,6,1541,59,3,73,3835756.6
9/1/2019,69,46,29,1542,70,28,48,6053474
6/1/2019,52,33,76,1543,11,32,60,5028770
11/19/2019,48,28,12,1544,23,20,55,6128895
9/2/2019,11,85,78,1545,71,88,35,4937062
5/14/2019,89,71,6,1546,48,73,99,3359295.78
11/4/2019,56,95,1,1547,85,80,64,9426261
11/30/2019,87,4,13,1548,93,35,62,6524113.29
2/11/2020,66,60,24,1549,56,79,7,7929876
4/24/2019,49,69,74,1550,60,38,94,4650004
4/8/2019,96,87,97,1551,39,83,21,5315388.51
3/18/2019,48,51,26,1552,12,73,55,7269781.52
9/21/2019,97,47,69,1553,22,66,10,6585357.52
1/30/2020,2,12,12,1554,81,56,61,7089178
2/17/2020,1,91,9,1555,61,78,3,115019.64
3/19/2019,84,33,17,1556,82,83,33,1374090.88
10/8/2019,6,55,61,1557,44,7,40,6005003.98
7/11/2019,63,68,55,1558,71,86,22,4571405.17
12/6/2019,13,34,22,1559,45,26,63,6480266
4/17/2019,14,24,75,1560,13,63,12,3070346.62
1/24/2020,51,100,44,1561,17,82,76,4657291
11/15/2019,36,57,11,1562,52,47,88,9839979
10/31/2019,14,71,71,1563,34,59,31,7948725
2/7/2020,60,79,67,1564,10,10,44,9871079
10/21/2019,26,71,64,1565,93,55,31,2171944.72
3/17/2019,100,20,65,1566,70,63,48,558033.16
3/21/2019,21,96,62,1567,18,99,35,5434170.9
4/10/2019,5,94,72,1568,81,34,84,1026873.35
7/12/2019,71,77,93,1569,42,22,64,3828527.23
3/5/2020,24,58,60,1570,38,86,75,7123791
9/12/2019,81,42,20,1571,55,70,30,4907502
9/14/2019,87,47,49,1572,12,87,33,9393578
2/22/2020,58,86,1,1573,78,55,46,6253154.45
7/18/2019,34,87,4,1574,89,2,92,5486123.11
9/12/2019,66,14,3,1575,42,90,97,7833646
11/19/2019,48,14,56,1576,25,51,76,6835914
9/23/2019,66,20,59,1577,45,88,59,6262943.35
4/4/2019,64,34,32,1578,63,84,37,4949607.37
9/10/2019,8,49,29,1579,91,33,25,51497.01
10/29/2019,54,93,25,1580,81,29,41,6236593
10/20/2019,78,24,59,1581,58,14,88,7931121
5/1/2019,67,98,19,1582,65,30,32,9703647
12/17/2019,43,16,63,1583,30,58,23,2093814.42
12/14/2019,64,97,59,1584,35,66,9,3781421.43
10/6/2019,11,30,89,1585,69,16,38,2854497
4/17/2019,6,92,16,1586,72,21,9,5446062
8/26/2019,52,49,44,1587,68,80,46,654569.8
3/3/2020,97,96,28,1588,95,100,37,6193553.39
9/28/2019,47,77,88,1589,50,53,33,2770824
8/25/2019,92,8,68,1590,53,78,66,1257264.91
7/30/2019,41,2,81,1591,31,79,24,7495260.33
1/27/2020,70,68,27,1592,44,25,5,7028957
5/18/2019,5,37,10,1593,28,91,64,3903625.33
3/22/2019,32,69,71,1594,63,18,64,8579831
3/10/2019,30,18,82,1595,22,18,10,6021130
5/3/2019,90,4,22,1596,35,2,13,8027598
4/21/2019,68,35,80,1597,13,17,12,7924442
4/1/2019,13,69,88,1598,93,4,69,656183.18
8/11/2019,100,39,18,1599,87,36,71,8618968
5/29/2019,5,4,27,1600,92,35,94,5233337.5
2/22/2020,51,82,31,1601,88,43,46,7391574.41
1/20/2020,58,63,29,1602,33,25,48,5109295.62
6/19/2019,14,93,73,1603,81,60,56,4277986
7/22/2019,27,18,74,1604,96,81,12,9047018
10/3/2019,76,12,80,1605,96,1,9,3706.48
11/28/2019,78,61,85,1606,76,16,56,5358086
4/9/2019,77,12,5,1607,28,40,54,1579322.38
3/14/2019,30,23,1,1608,3,44,63,5058117
12/27/2019,21,41,17,1609,20,98,29,4257667.05
11/1/2019,58,10,5,1610,12,83,64,4237255.8
5/8/2019,94,85,85,1611,68,62,66,9468474
6/22/2019,55,21,63,1612,35,11,51,2717657.17
3/3/2020,95,18,25,1613,98,96,31,7619101
1/29/2020,77,85,83,1614,12,81,42,792140.65
8/26/2019,72,93,100,1615,68,35,29,3056553.16
4/13/2019,20,12,52,1616,86,31,63,649781.51
11/15/2019,68,21,43,1617,26,95,71,9554198
11/16/2019,27,72,65,1618,10,86,85,3570911.87
10/28/2019,92,62,68,1619,47,35,46,5350565
1/10/2020,5,30,66,1620,29,11,77,6300860.22
3/24/2019,45,35,12,1621,32,41,50,5404657
4/28/2019,47,46,76,1622,10,35,21,6440758
3/26/2019,8,67,91,1623,7,6,37,6275713
12/27/2019,50,3,41,1624,6,78,56,2822293.22
10/20/2019,65,35,60,1625,6,87,100,7499332
4/30/2019,73,71,66,1626,51,49,97,1600495.59
9/1/2019,22,12,86,1627,97,46,33,7442939.89
2/5/2020,96,21,93,1628,98,70,81,9349784
1/22/2020,62,86,42,1629,48,91,20,6975835
6/29/2019,27,38,78,1630,81,73,9,6453000
1/2/2020,71,74,61,1631,53,9,14,9605473
3/9/2019,62,70,37,1632,22,1,14,7118901.44
3/15/2019,33,9,56,1633,3,8,24,6242008
10/14/2019,79,24,79,1634,31,21,55,5824749
5/1/2019,14,65,30,1635,91,22,56,8456259
6/11/2019,33,39,42,1636,84,66,16,5764406.2
11/23/2019,39,58,96,1637,49,5,64,7079903
2/6/2020,93,38,100,1638,66,63,69,8757133
1/22/2020,15,77,58,1639,6,59,80,5927758
12/30/2019,21,89,96,1640,25,87,64,1821826.1
3/18/2019,75,40,40,1641,56,82,21,3010110.17
8/16/2019,61,21,86,1642,70,33,83,5179489.23
10/28/2019,23,58,37,1643,61,73,45,7256706.48
3/5/2020,95,62,50,1644,32,57,4,9153517
7/7/2019,41,86,55,1645,87,80,55,6344429
5/13/2019,46,17,42,1646,40,82,71,9883448
1/29/2020,79,42,88,1647,72,42,9,8325045.46
5/28/2019,68,94,46,1648,17,35,38,6456138.8
12/30/2019,35,31,51,1649,45,52,76,9637048
3/28/2019,31,25,13,1650,15,77,26,2287073
12/3/2019,79,21,92,1651,80,77,13,3549675
1/2/2020,87,38,49,1652,34,59,46,2488112.45
8/11/2019,11,60,18,1653,51,36,13,4159535.8
7/26/2019,40,86,68,1654,66,64,44,8595693
4/18/2019,18,1,15,1655,35,15,33,1002692.46
1/20/2020,30,38,26,1656,53,5,97,9617418
3/7/2020,91,39,51,1657,76,61,80,3060573.32
10/17/2019,95,62,48,1658,87,35,43,615103.01
3/24/2019,74,62,64,1659,73,72,8,1001973.86
11/29/2019,17,67,40,1660,63,75,75,9749110
8/13/2019,30,20,54,1661,11,65,88,735186.21
11/6/2019,9,93,12,1662,12,66,27,8726340
4/17/2019,77,74,96,1663,28,61,19,7880429.52
9/20/2019,64,2,12,1664,81,76,37,1994200.08
12/30/2019,77,83,11,1665,63,43,24,4576399
1/1/2020,12,8,86,1666,99,81,88,2185623
9/10/2019,31,24,37,1667,68,7,5,4110797
11/3/2019,63,16,78,1668,16,5,27,1602164.17
11/20/2019,17,58,1,1669,16,48,10,261277.13
9/5/2019,10,47,19,1670,59,11,23,2273977.04
3/25/2019,49,31,55,1671,93,13,76,1521656.46
3/20/2019,43,28,50,1672,98,40,16,7423718.27
7/19/2019,78,70,40,1673,90,50,52,4627946.78
11/13/2019,74,1,17,1674,56,19,92,7993297.21
7/31/2019,48,93,31,1675,13,59,1,7327622.51
7/13/2019,68,15,42,1676,62,97,61,4565981
9/5/2019,72,72,28,1677,57,99,26,3538618.01
7/7/2019,18,73,63,1678,9,56,16,9614101
11/20/2019,59,31,8,1679,94,81,15,3742297
4/18/2019,20,47,80,1680,17,93,83,5199199
1/31/2020,11,30,32,1681,13,18,85,6615444.81
9/27/2019,73,25,55,1682,79,65,57,41759.78
1/2/2020,22,49,30,1683,2,96,23,7075422.11
11/28/2019,62,11,48,1684,39,78,50,3865997.42
2/4/2020,63,56,36,1685,43,73,78,6760730.52
9/24/2019,47,37,58,1686,99,86,7,2929618
4/7/2019,54,70,99,1687,25,95,41,4900167
3/20/2019,69,78,96,1688,24,8,7,9379333
9/3/2019,67,27,71,1689,87,60,11,9995338
3/13/2019,61,48,35,1690,26,47,48,6033546.59
8/7/2019,29,61,30,1691,59,75,77,6398961.4
10/8/2019,43,28,5,1692,52,97,18,5266836.8
8/8/2019,91,6,48,1693,82,56,56,4730497
1/10/2020,73,59,98,1694,58,25,53,948504.57
9/12/2019,64,46,82,1695,11,8,94,2029168.75
5/17/2019,49,19,76,1696,62,78,66,4837772.99
1/26/2020,68,19,3,1697,20,15,78,7889854
7/10/2019,24,90,49,1698,32,100,84,9869283
9/6/2019,72,22,91,1699,83,77,32,6040580
7/19/2019,26,79,92,1700,12,33,47,4948544.97
6/16/2019,79,93,35,1701,54,99,86,4377380.97
12/5/2019,43,13,58,1702,19,94,12,2845150.91
3/15/2019,38,90,73,1703,46,43,30,8625534
4/30/2019,21,60,58,1704,37,17,62,4486893.27
4/5/2019,32,45,93,1705,83,29,29,2693288.17
1/7/2020,7,88,60,1706,9,18,32,4361456.76
5/20/2019,70,97,99,1707,67,76,92,5695552
6/18/2019,21,75,100,1708,71,41,6,4915421.61
2/27/2020,38,9,79,1709,47,3,47,327547.72
12/6/2019,78,4,3,1710,45,64,98,780348.9
9/18/2019,37,36,89,1711,29,33,100,9585470
6/18/2019,77,29,19,1712,33,15,23,474945.53
12/2/2019,86,99,37,1713,72,55,36,1029062.92
3/9/2019,33,58,10,1714,99,68,86,9400399
8/6/2019,21,17,68,1715,6,92,98,5177479
10/17/2019,44,31,81,1716,77,91,28,2692223
5/7/2019,23,52,68,1717,21,14,53,2602447.03
5/26/2019,68,99,28,1718,64,46,60,2519482
3/30/2019,2,98,23,1719,7,40,56,8654880
12/14/2019,16,53,75,1720,56,84,90,2894015.7
12/18/2019,8,33,77,1721,62,54,18,6844332.35
12/25/2019,7,45,6,1722,3,84,65,8875571
2/11/2020,55,51,59,1723,84,57,84,8422578
12/3/2019,66,5,60,1724,50,67,43,2331905.18
11/29/2019,53,6,28,1725,50,13,17,856353.28
4/21/2019,83,39,10,1726,90,15,16,5501673
9/22/2019,80,40,6,1727,2,100,15,9463792
7/27/2019,48,72,70,1728,12,51,86,9017946
4/5/2019,29,22,21,1729,86,47,33,4018144.72
7/17/2019,89,31,14,1730,83,37,37,9971242
11/14/2019,58,39,58,1731,45,5,76,6507364
6/18/2019,18,48,11,1732,16,80,90,7859365
8/26/2019,67,54,43,1733,95,95,5,716610.1
4/9/2019,8,25,6,1734,63,75,63,7213729
11/20/2019,86,78,32,1735,86,8,73,9232090
7/27/2019,16,28,37,1736,17,24,4,9901155
4/26/2019,59,56,71,1737,62,57,72,1170029.79
2/1/2020,44,17,4,1738,59,77,78,7821180
3/1/2020,70,84,99,1739,5,81,30,4706412
1/23/2020,57,79,14,1740,29,85,95,8734749
5/15/2019,39,17,60,1741,57,49,91,9092466
10/22/2019,44,42,85,1742,69,65,12,9614449
8/5/2019,17,56,38,1743,96,63,30,3022156.51
5/24/2019,2,90,73,1744,19,44,39,7806023.34
10/30/2019,42,30,89,1745,2,77,99,7750853.21
12/24/2019,4,95,66,1746,62,95,87,8733815
12/18/2019,56,90,98,1747,62,67,8,4552374
1/10/2020,31,87,95,1748,37,67,32,2159217.57
4/14/2019,98,86,25,1749,92,2,55,8732182
8/13/2019,66,71,7,1750,96,69,18,3997465.45
6/14/2019,68,44,64,1751,35,2,3,5096014.02
2/24/2020,60,29,85,1752,17,14,46,3280032
12/7/2019,60,62,85,1753,84,3,75,3653372.99
10/8/2019,71,50,53,1754,99,81,37,2371490.05
8/7/2019,68,43,53,1755,83,33,45,8809810
3/29/2019,5,7,11,1756,96,96,76,679514.65
2/11/2020,2,31,62,1757,60,63,88,3929225
7/28/2019,31,90,73,1758,1,81,80,9827575
9/6/2019,95,39,53,1759,14,14,65,1319778.73
9/25/2019,29,82,33,1760,50,91,26,5197455.95
11/16/2019,93,98,23,1761,88,48,82,9733656
7/19/2019,42,28,3,1762,22,56,9,6281710
9/29/2019,19,54,92,1763,76,71,60,681121.61
3/4/2020,43,64,82,1764,91,61,53,7002884
8/4/2019,93,49,37,1765,29,51,76,2078886.15
5/4/2019,71,97,6,1766,9,72,24,6239676
2/26/2020,20,21,61,1767,14,74,9,9790566
3/9/2019,26,38,2,1768,71,10,42,9422981
11/16/2019,40,23,26,1769,46,63,37,3814287
4/1/2019,87,3,81,1770,56,1,6,1031030.15
4/21/2019,46,17,37,1771,55,55,3,5592015
5/8/2019,71,39,10,1772,7,14,25,5182881.72
1/4/2020,24,63,83,1773,59,18,27,1124159
9/26/2019,96,12,47,1774,63,28,68,5564016
7/31/2019,100,52,25,1775,27,69,5,789353.14
7/1/2019,41,20,26,1776,19,88,65,2997312
11/1/2019,7,44,34,1777,41,62,87,1012383
8/27/2019,9,52,59,1778,65,23,19,1333648.39
1/8/2020,49,37,80,1779,14,88,40,5569151
4/29/2019,5,38,34,1780,20,28,44,7668982.02
2/13/2020,49,55,40,1781,72,34,3,7661506
3/7/2020,7,38,75,1782,76,91,94,523580.57
11/28/2019,70,44,9,1783,43,98,68,4466938.23
5/8/2019,63,22,64,1784,67,28,46,9379835
9/27/2019,91,73,54,1785,82,7,15,2782488.12
9/3/2019,35,42,6,1786,8,91,99,2757526.86
9/16/2019,63,76,33,1787,65,80,61,1081075.37
8/28/2019,73,13,68,1788,71,60,21,219603.97
11/15/2019,53,86,87,1789,63,8,10,470938.28
4/7/2019,77,12,31,1790,70,70,51,2739002.57
12/23/2019,98,7,60,1791,4,46,86,4307874.2
3/20/2019,72,22,78,1792,99,16,76,7512234
6/14/2019,75,62,68,1793,75,63,81,4432321.68
12/28/2019,50,64,43,1794,98,1,9,5049926.99
9/10/2019,32,13,49,1795,86,86,21,8919146
1/21/2020,46,29,77,1796,3,61,57,2510643.4
12/20/2019,12,16,74,1797,12,48,100,718380.47
11/1/2019,76,82,21,1798,7,11,83,427422.77
5/21/2019,47,22,16,1799,61,35,65,9746486
9/11/2019,44,66,63,1800,81,16,61,7514685.02
9/12/2019,51,10,57,1801,41,28,83,752865.71
5/4/2019,28,39,52,1802,46,36,56,2638011
12/17/2019,9,54,7,1803,55,69,54,3920933.56
7/6/2019,91,64,44,1804,68,83,36,6346450
4/19/2019,64,50,88,1805,29,65,15,5570886
12/24/2019,35,90,11,1806,68,57,15,6572786
9/18/2019,71,39,75,1807,48,87,65,4628356
9/5/2019,92,2,95,1808,57,31,16,8929665
7/11/2019,82,17,68,1809,38,97,35,3301686.55
5/7/2019,65,90,59,1810,55,38,90,5842256.84
7/25/2019,44,89,7,1811,41,69,60,8521008
9/10/2019,55,31,40,1812,95,44,60,3177138.85
7/6/2019,49,71,25,1813,5,92,79,2855498.06
12/1/2019,98,73,40,1814,2,88,59,9140657
12/9/2019,19,24,53,1815,69,64,29,3701040
7/14/2019,13,32,14,1816,96,91,63,4774578.19
10/7/2019,99,38,85,1817,6,76,1,9830765
12/18/2019,12,98,31,1818,43,6,97,8174247
7/31/2019,88,15,77,1819,93,95,17,7216261.32
5/7/2019,81,32,2,1820,56,57,20,2381480
4/4/2019,11,6,72,1821,62,43,81,2326703
1/5/2020,8,43,66,1822,27,44,90,1791296.14
10/29/2019,3,25,41,1823,3,71,19,7318954.8
12/30/2019,64,72,52,1824,1,71,90,9838784
12/14/2019,51,48,6,1825,26,58,68,8289375
5/11/2019,68,51,64,1826,8,10,76,3182449
4/5/2019,1,49,25,1827,91,2,79,1122309.72
6/27/2019,12,45,28,1828,17,17,25,6292353
3/6/2020,3,2,61,1829,60,10,84,8029535.95
11/18/2019,98,61,38,1830,21,63,51,4773289
5/14/2019,23,61,20,1831,51,24,98,2868144
6/30/2019,53,90,69,1832,99,19,96,1009005.05
7/22/2019,7,21,14,1833,54,30,45,27162.62
2/9/2020,33,53,74,1834,58,30,10,4783707
4/8/2019,1,31,17,1835,66,19,28,5260986
9/13/2019,34,65,87,1836,100,45,88,2859875.38
8/18/2019,98,9,50,1837,4,15,95,5772255
10/25/2019,55,21,12,1838,2,51,57,6583897.83
10/16/2019,89,91,20,1839,67,91,73,692975.75
9/29/2019,57,90,11,1840,32,18,85,5017490.42
2/29/2020,74,37,94,1841,20,41,97,7470615.85
7/16/2019,31,29,19,1842,14,19,87,702689.68
12/30/2019,23,93,79,1843,14,58,12,7987802.92
4/17/2019,37,88,85,1844,35,95,55,6544083
5/4/2019,1,74,82,1845,79,62,94,8413320
4/8/2019,25,6,91,1846,60,64,85,8582789
5/31/2019,43,86,46,1847,7,36,71,2209233.56
10/29/2019,80,100,79,1848,55,21,52,8099598.44
4/6/2019,77,3,7,1849,19,41,76,6996150
10/20/2019,72,41,34,1850,61,33,5,2683721
2/1/2020,33,46,33,1851,16,97,85,8784247
9/20/2019,76,93,9,1852,55,2,66,4225455
10/3/2019,76,71,71,1853,74,47,32,7298952.94
3/30/2019,50,58,18,1854,59,82,5,5198629
3/11/2019,60,51,93,1855,47,75,20,9916414
8/4/2019,82,6,6,1856,8,11,76,7973896
6/23/2019,35,40,35,1857,52,65,51,830514.66
12/24/2019,98,10,5,1858,35,66,65,3575024.73
11/7/2019,94,81,61,1859,5,71,54,2452341
11/22/2019,73,45,20,1860,20,15,24,462302.47
2/9/2020,58,72,37,1861,28,71,4,5469166.21
10/24/2019,38,88,71,1862,76,48,43,7344040
8/27/2019,90,45,67,1863,61,67,77,4576530.35
4/26/2019,33,85,96,1864,82,71,35,733491.67
6/2/2019,42,7,37,1865,93,51,85,2086072.43
12/20/2019,54,46,7,1866,47,52,45,1546673.53
11/13/2019,63,99,32,1867,51,82,44,7448002
2/20/2020,32,52,20,1868,81,22,1,1588807.4
5/23/2019,63,12,65,1869,28,91,55,7600786.18
7/29/2019,75,66,46,1870,35,21,47,2178051.1
8/28/2019,18,61,34,1871,72,98,39,3626625
1/23/2020,85,35,56,1872,50,61,39,2959563.3
6/30/2019,58,62,53,1873,67,21,16,7581746.63
12/29/2019,64,25,69,1874,58,49,26,1465067.47
7/23/2019,47,27,11,1875,87,65,63,4058223
3/19/2019,91,29,31,1876,69,53,23,2761712
6/25/2019,48,16,47,1877,27,46,69,6511382
1/9/2020,6,5,36,1878,8,15,66,6534612.5
1/28/2020,70,15,41,1879,21,61,2,8953050
6/7/2019,100,6,88,1880,100,1,59,863085.47
6/26/2019,36,57,98,1881,73,81,1,2300272.25
7/17/2019,34,49,98,1882,50,57,90,4972284
5/20/2019,91,23,26,1883,24,29,78,6203743.68
9/1/2019,50,27,11,1884,76,68,47,7319313.93
5/27/2019,91,27,100,1885,70,54,69,1152030.85
10/19/2019,6,65,75,1886,67,51,52,7665809
8/17/2019,49,93,63,1887,98,86,31,4533040
12/16/2019,17,27,3,1888,75,24,58,7486654.4
6/9/2019,56,17,99,1889,44,97,70,27055.19
9/18/2019,34,81,28,1890,36,74,37,7288416
12/21/2019,25,74,28,1891,95,70,87,2972502.39
3/29/2019,73,61,65,1892,68,74,60,3139244.3
10/20/2019,54,72,20,1893,22,6,67,2765337.29
6/18/2019,1,31,5,1894,86,21,1,3571205.07
11/21/2019,6,80,85,1895,80,47,44,3930203
10/30/2019,11,63,48,1896,62,78,43,8050423
6/19/2019,3,28,63,1897,51,15,66,8419089
4/30/2019,55,17,15,1898,91,55,30,9281171
1/8/2020,74,68,82,1899,82,12,45,5988879
6/28/2019,39,9,84,1900,44,4,47,2400931.87
8/16/2019,90,52,41,1901,28,88,38,7248426
9/21/2019,59,41,3,1902,68,86,24,1190323
6/19/2019,54,20,82,1903,75,49,66,471158.32
2/9/2020,10,72,98,1904,39,53,88,6160820
7/18/2019,95,99,22,1905,49,69,20,2346289
1/17/2020,66,24,82,1906,37,90,20,9788192
3/16/2019,53,87,60,1907,69,83,57,7627941.44
10/7/2019,38,95,46,1908,67,40,24,5137006.27
5/12/2019,78,28,52,1909,79,7,28,2774187.62
6/24/2019,59,90,61,1910,84,91,26,9759614
2/19/2020,46,94,56,1911,81,28,80,660287.93
5/21/2019,71,26,6,1912,58,31,4,8165000.92
5/30/2019,52,6,94,1913,69,26,73,410840.98
5/3/2019,15,21,17,1914,94,25,67,5152224.19
6/15/2019,99,25,81,1915,77,93,81,3793930
12/23/2019,78,58,9,1916,98,24,94,7166889
11/16/2019,31,43,31,1917,20,13,29,462222.3
11/12/2019,39,29,89,1918,70,91,19,6649414
2/9/2020,85,84,18,1919,73,27,40,7262272.12
1/21/2020,39,53,5,1920,1,96,97,5483349
3/25/2019,99,99,17,1921,27,36,1,7022710
4/11/2019,96,1,82,1922,77,38,54,7638983
1/4/2020,42,64,3,1923,95,53,79,5024023.5
5/11/2019,11,87,55,1924,46,28,46,8542899
5/15/2019,33,27,95,1925,91,94,13,1758149.71
8/3/2019,55,35,18,1926,17,90,100,6394472
9/26/2019,11,23,53,1927,10,51,71,6046426
9/15/2019,31,10,10,1928,84,53,91,4727109.55
11/29/2019,50,27,42,1929,97,46,94,8705022
9/5/2019,47,88,24,1930,88,36,81,8581455
4/4/2019,53,99,52,1931,67,34,18,7820504
9/14/2019,27,97,91,1932,26,83,60,3453664.95
9/14/2019,57,79,63,1933,10,47,74,2089186.61
6/18/2019,49,74,28,1934,62,53,83,3666100.45
10/23/2019,48,55,86,1935,82,79,8,4260444.23
11/25/2019,13,78,22,1936,35,100,97,4981157.79
9/30/2019,59,81,21,1937,43,78,15,4635359
8/18/2019,34,30,94,1938,52,29,93,6678967.28
3/11/2019,24,56,29,1939,34,10,41,3547938.68
9/15/2019,26,85,84,1940,41,69,50,1032790.14
9/6/2019,61,80,58,1941,83,99,26,8510366
8/26/2019,31,88,16,1942,75,71,42,4007563
6/20/2019,57,64,92,1943,36,76,26,1796177.6
2/20/2020,67,52,35,1944,35,2,12,5804375.55
9/7/2019,15,74,15,1945,36,68,65,590596.21
12/11/2019,72,20,10,1946,63,67,73,1926796.11
1/29/2020,65,70,83,1947,61,1,79,8384417.7
6/28/2019,70,77,2,1948,85,1,96,304339
9/19/2019,73,40,5,1949,8,37,29,1673086.21
4/6/2019,33,96,2,1950,72,6,41,683243.34
7/29/2019,60,63,74,1951,26,58,3,7438857
4/13/2019,49,31,54,1952,68,85,1,7846523
11/27/2019,85,17,75,1953,31,38,86,1024988.95
9/26/2019,27,37,64,1954,8,90,72,7609674.26
12/31/2019,62,24,71,1955,20,17,21,3938862.69
4/8/2019,93,80,30,1956,17,40,65,2618488.87
10/8/2019,64,35,63,1957,61,48,59,2175306
3/26/2019,53,28,72,1958,42,73,74,7439484.05
8/24/2019,96,75,78,1959,87,16,89,6680866.27
12/14/2019,41,79,88,1960,27,48,32,1967513
12/16/2019,37,84,1,1961,70,91,12,6671840
2/14/2020,97,99,33,1962,22,67,31,1429722.78
11/19/2019,100,44,54,1963,47,12,88,753346.17
7/5/2019,45,88,29,1964,6,21,23,6975620
6/27/2019,92,31,34,1965,76,46,14,7657395
11/20/2019,58,43,32,1966,13,2,39,6390922.48
3/10/2019,49,32,33,1967,53,46,51,7195017
7/6/2019,14,46,6,1968,26,52,42,3013496
11/3/2019,5,79,94,1969,38,34,100,1142949.65
8/4/2019,85,75,31,1970,76,96,54,9389184
7/29/2019,67,97,17,1971,5,7,81,7184222.37
2/21/2020,87,1,43,1972,52,55,19,3629739.9
9/29/2019,65,16,44,1973,13,16,58,9719039
6/23/2019,27,21,85,1974,23,12,61,6478850.74
6/4/2019,23,97,39,1975,100,74,95,5810969.39
3/23/2019,23,80,34,1976,62,22,19,3579801
5/26/2019,51,25,91,1977,63,79,43,9135892
6/25/2019,91,65,7,1978,18,47,45,9477723
2/20/2020,5,97,84,1979,95,63,63,9185639
11/4/2019,29,9,29,1980,33,52,51,9423306
6/16/2019,35,14,42,1981,57,34,50,8777915
4/23/2019,52,1,39,1982,36,62,30,1779225.29
8/26/2019,51,7,77,1983,86,100,100,1972519.24
8/19/2019,7,13,61,1984,78,28,26,8268273
5/25/2019,20,73,67,1985,41,95,10,6861358
11/7/2019,77,25,26,1986,95,83,86,7548545
8/1/2019,65,3,50,1987,52,30,44,3943945.66
4/14/2019,58,84,14,1988,53,79,53,2345898
1/18/2020,74,78,30,1989,55,84,97,9818500
11/13/2019,7,72,91,1990,96,40,40,8669688
1/4/2020,26,16,39,1991,84,56,59,8960492
10/30/2019,17,84,82,1992,51,63,8,2680414
10/16/2019,56,14,73,1993,51,34,19,2093934.17
7/4/2019,3,20,100,1994,53,30,3,2713154.13
1/30/2020,1,86,58,1995,20,18,10,2389760.41
8/21/2019,41,42,88,1996,34,17,97,3632432.81
1/8/2020,77,77,96,1997,3,49,90,3649728.7
1/27/2020,74,47,65,1998,14,44,69,8001429
3/26/2019,10,82,34,1999,66,4,52,1694466.79
5/21/2019,73,59,15,2000,71,95,26,9789247

---EOF---
Lines:1000